"Par","Media_kb"
"SMAP vs Hi-C",20.0461208875287
"SMAP vs Cruciform",0.265705432287682
"Hi-C vs Cruciform",0.112812900660935
