"Classe","Media","Mediana","Q1","Q3","Min","Max","n"
"A-phased",25.1666666666667,24.5,24,25,23,33,18
"Cruciform",309.541879795396,20,15,449.25,12,2001,12512
"G-quadruplex",25.7924528301887,25,22,29,15,39,159
"R-loop",816.160133444537,473,218,1434,116,2069,1199
"Short_tandem",10.8520315342632,10,10,11,10,20,1649
"Triplex",41.6086683417085,21,14,69,13,126,1592
"Z-DNA",88.3704245973646,62,33,113,9,1171,12977
