"Par","Media_kb"
"SMAP vs Hi-C",20.0461208875287
"SMAP vs Cruciform",0.331317521040551
"Hi-C vs Cruciform",0.152156288823734
