"Classe","Media","Mediana","Q1","Q3","Min","Max","n"
"A-phased",25.1666666666667,24.5,24,25,23,33,18
"Cruciform",23.6363636363636,15,14,18,12,134,8096
"G-quadruplex",25.5217391304348,25,22,29,15,39,161
"R-loop",816.160133444537,473,218,1434,116,2069,1199
"Short_tandem",10.8520315342632,10,10,11,10,20,1649
"Triplex",64.4902411021814,64,33,94,17,126,871
"Z-DNA",88.4071390023899,62,33,113,10,1171,12971
